,game,total_reviews,rating,primary_genre,peak_players,avg_reviews
61823,Divinity: Original Sin Enhanced Edition,23469,88.28,RPG,7565,3.1023132848645076
63714,1000 Heads Among the Trees,119,53.53,Indie,1600,0.074375
28,Barotrauma,44963,90.99,Indie,19655,2.2876112948359197
52332,Aaero,850,79.13,Indie,289,2.9411764705882355
52150,Serious Sam VR: The Last Hope,1322,80.86,Action,362,3.6519337016574585
9301,Rift Loopers,90,68.98,Indie,111,0.8108108108108109
62626,Pretty Girls Mahjong Solitaire,721,73.14,Casual,116,6.2155172413793105
65915,Spelunky,15396,89.8,Indie,2919,5.2744090441932165
27925,The Outer Worlds,22718,82.48,RPG,20349,1.1164184972234508
45282,X4: Foundations,15885,75.26,Simulation,15198,1.0452033162258192
1411,Minds of Nations,484,70.59,Strategy,127,3.811023622047244
59606,Strike Squadron: Caracará,11,66.76,Action,138,0.07971014492753623
27022,Door Kickers 2,6407,93.5,Strategy,913,7.017524644030668
47668,Sword Legacy Omen,640,63.53,Strategy,138,4.63768115942029
60916,Silver Knight,87,52.13,Indie,1460,0.05958904109589041
64738,Back to Bed,2596,78.17,Indie,30771,0.08436514900393227
59794,The Lords of the Earth Flame,254,65.01,Indie,965,0.2632124352331606
62356,Resident Evil Revelations 2,23505,77.1,Adventure,3686,6.37683125339121
17103,Airport CEO,6262,82.16,Simulation,2745,2.281238615664845
36301,NGU IDLE,9770,93.35,Indie,8032,1.2163844621513944
67520,Sid Meier's Civilization IV,2844,88.98,Strategy,2314,1.2290406222990493
30302,POLYGON,19809,71.62,Action,1247,15.88532477947073
65948,TrackMania² Stadium,6310,85.97,Racing,3597,1.7542396441479011
27615,3dSen,381,84.87,Action,106,3.5943396226415096
65457,Ship Simulator: Maritime Search and Rescue,162,56.78,Simulation,117,1.3846153846153846
44176,Simmiland,1515,83.97,Simulation,749,2.022696929238985
57103,Songs of Araiah: Re-Mastered Edition,4,40.4,Adventure,183,0.02185792349726776
36359,Enderal: Forgotten Stories,11327,91.36,RPG,5983,1.8931973926124017
64855,Infinity Wars - Animated Trading Card Game,3438,74.96,Strategy,1635,2.1027522935779817
57624,IMSCARED,1801,88.4,Indie,158,11.39873417721519
67265,Grand Theft Auto III,13529,84.42,Action,640,21.1390625
3692,Kinkoi Golden Time,365,89.72,Adventure,328,1.1128048780487805
32813,Cricket Captain 2020,96,62.46,Sports,182,0.5274725274725275
60985,ShapeShifter,153,50.77,Indie,2915,0.05248713550600343
67333,The Wonderful End of the World,619,73.15,Indie,2454,0.25224123879380606
65929,Bleed,1859,88.4,Indie,249,7.465863453815261
66023,Hate Plus,574,79.1,Indie,312,1.8397435897435896
27251,Super Bit Blaster XL,694,88.44,Action,490,1.416326530612245
27015,Besiege,45196,93.75,Indie,11206,4.033196501873996
53156,Eador. Imperium,1190,73.18,Strategy,238,5.0
47772,Frozen Synapse 2,227,62.94,Strategy,413,0.549636803874092
50903,NBA 2K19,22874,39.6,Sports,29202,0.7833025135264708
5346,Lost Marbles,48,67.25,Indie,311,0.15434083601286175
1404,Out of the Park Baseball 24,192,70.7,Sports,1354,0.14180206794682423
37704,Staxel,4427,77.34,RPG,2644,1.674357034795764
17660,Noble Fates,1032,79.46,Simulation,1139,0.9060579455662863
32966,Hunting Simulator 2,582,61.87,Simulation,383,1.5195822454308094
65721,Psichodelya,99,42.05,Action,1080,0.09166666666666666
28423,Sokpop S06: fishy,278,79.66,Indie,176,1.5795454545454546
27695,OshiRabu: Waifus Over Husbandos,3674,84.21,Adventure,1126,3.2628774422735347
4197,NecroBouncer: Prologue,206,84.92,Action,419,0.4916467780429594
65193,Echelon: Wind Warriors,86,65.47,Simulation,991,0.08678102926337034
27599,Shantae and the Seven Sirens,1323,85.02,Adventure,795,1.6641509433962265
59403,Mind Games,168,68.26,Indie,367,0.45776566757493187
64970,FarSky,3854,72.12,Adventure,439,8.779043280182233
27181,Unbound: Worlds Apart Prologue,883,89.67,Indie,280,3.1535714285714285
64255,Second Warfare,99,31.44,Action,139,0.7122302158273381
55640,The Inevitability,96,57.01,Indie,1350,0.07111111111111111
17728,OLEG MONGOL,152,79.25,Simulation,218,0.6972477064220184
3882,ヘブンバーンズレッド,2529,87.33,RPG,20201,0.12519182218702044
67413,Team Fortress 2,945686,93.07,Free,167951,5.630725628308257
36349,What Never Was,4591,91.58,Adventure,181,25.364640883977902
48724,Top Down Racer,27,58.21,Racing,201,0.13432835820895522
60936,Sparkle ZERO,324,51.78,Action,361,0.8975069252077562
58894,Colours of Magic: Aqua Teeter,89,72.93,Casual,428,0.20794392523364486
6746,Elf Sex Farm,341,75.11,Indie,634,0.5378548895899053
67022,Call of Juarez: Bound in Blood,3333,82.86,Action,1444,2.3081717451523547
18513,Carrier Command 2,2305,76.42,Simulation,2696,0.8549703264094956
62402,The Secret of Tremendous Corporation,332,76.37,Adventure,127,2.6141732283464565
37242,Secret Neighbor Beta,2869,80.46,Indie,3779,0.7591955543794655
59671,Astral Heroes,302,66.04,Strategy,264,1.143939393939394
19194,The Bus,4398,74.06,Simulation,1660,2.649397590361446
23436,打怪! Beat the Mons!,4,59.6,Indie,134,0.029850746268656716
5488,One More Gate: A Wakfu Legend,198,78.97,Strategy,554,0.3574007220216607
6913,The Scarlet Demonslayer,214,74.72,Indie,363,0.5895316804407713
57816,You Have 10 Seconds 2,660,84.73,Free,338,1.952662721893491
16490,OPPAI Academy Big Bouncy Booby Babes!,471,86.26,Adventure,124,3.7983870967741935
60131,Unforgiving Trials: The Darkest Crusade,634,61.89,RPG,7692,0.08242329693187728
3786,Potato Flowers in Full Bloom,316,88.3,RPG,272,1.161764705882353
16014,Car Mechanic Simulator 2021,18793,93.42,Simulation,22561,0.8329861265014848
48391,Archimedes,207,74.14,Strategy,1341,0.15436241610738255
57191,The Spirit Underneath,107,38.35,Indie,2921,0.03663129065388566
38693,Spaceland,364,72.14,Strategy,126,2.888888888888889
63606,Curse of Mermos,263,56.03,Action,164,1.603658536585366
57919,Gnomes Garden 2,172,82.99,Strategy,2651,0.06488117691437194
64705,Battlepillars Gold Edition,324,79.02,Strategy,314,1.0318471337579618
48637,Animal Jam,3270,58.93,Free,5009,0.6528249151527251
64,Gorilla Tag,28996,88.26,Action,1679,17.269803454437167
28690,Grisaia Phantom Trigger Vol.7,105,78.38,Adventure,183,0.5737704918032787
62380,Fake Colours,152,76.69,Casual,1984,0.07661290322580645
59772,Gem Monster,27,65.25,Adventure,1123,0.02404274265360641
49580,Fractured Lands,424,52.17,Action,183,2.3169398907103824
44103,Disgaea 5 Complete,3005,84.91,RPG,2191,1.371519853947969
61996,Company of Heroes: Europe at War,1098,83.92,Strategy,126,8.714285714285714
32602,Gift Girl,553,63.46,Casual,110,5.027272727272727
65548,MotoGP™14,518,52.13,Racing,151,3.4304635761589406
50335,Envoy of Nezphere,28,45.45,Action,191,0.14659685863874344
12068,Tower! Simulator 3,186,60.23,Simulation,117,1.5897435897435896
58767,Okhlos: Omega,828,73.89,Indie,507,1.6331360946745561
52399,Henry The Hamster Handler VR,32,78.48,Casual,154,0.2077922077922078
36602,Eliza,1423,86.65,Indie,113,12.5929203539823
59710,Cards of Cthulhu,233,65.75,RPG,2197,0.10605370960400547
50048,忍者村大战RC2,290,48.87,Massively,115,2.5217391304347827
66016,Magic 2014 ,4553,80.02,Strategy,14104,0.32281622234827
67414,S.T.A.L.K.E.R.: Shadow of Chernobyl,34529,92.56,Action,2308,14.960571923743501
54823,Nyheim,79,62.52,Strategy,750,0.10533333333333333
67271,FlatOut: Ultimate Carnage,4307,83.68,Racing,168,25.636904761904763
5209,Tiny Tactics,549,79.97,Strategy,1468,0.3739782016348774
65404,Hunters Of The Dead,150,58.83,Indie,267,0.5617977528089888
61899,The Book of Unwritten Tales 2,883,86.22,Adventure,419,2.107398568019093
51696,Press X to Not Die,3525,86.7,Action,113,31.194690265486727
66161,Salvation Prophecy,226,62.82,Action,165,1.3696969696969696
27500,Royal Alchemist,234,85.85,Simulation,102,2.2941176470588234
52967,Mob Rule Classic,199,74.23,Simulation,236,0.8432203389830508
57539,Wuppo - Definitive Edition,5007,91.3,Indie,2273,2.2028156621205457
18151,英雄伝説 創の軌跡,719,77.75,RPG,942,0.7632696390658175
44515,Cows VS Vikings,425,80.68,Strategy,221,1.9230769230769231
56172,Two Worlds II HD - Call of the Tenebrae,56,52.51,RPG,11811,0.004741342816018965
18519,HammerHelm,322,76.37,Action,101,3.1881188118811883
26997,Maitetsu:Last Run!!,2846,94.29,Adventure,438,6.497716894977169
62562,Trigonarium,36,73.93,Indie,178,0.20224719101123595
575,Rogue AI Simulator,249,78.47,Simulation,264,0.9431818181818182
51435,The Culling 2,160,24.05,Action,249,0.642570281124498
6319,White Mirror,347,54.42,Indie,1555,0.22315112540192927
61939,Grand Theft Auto V,1539206,85.25,Action,364548,4.222231365965524
51894,Battle Snails,312,83.49,Action,111,2.810810810810811
56529,Duck Hunting,23,48.66,Simulation,1068,0.02153558052434457
4177,Sex and the Furry Titty 2: Sins of the City,444,85.02,Casual,219,2.0273972602739727
1631,The Cenozoic Era,322,68.69,Action,227,1.4185022026431717
59932,CrazyCars3D,213,63.73,Racing,1933,0.11019141231246767
63799,Wild Island Quest,309,51.46,Adventure,1820,0.1697802197802198
50355,Cereal Soup,721,45.04,RPG,153,4.712418300653595
32901,Xuan-Yuan Sword VII,9153,62.05,RPG,12320,0.7429383116883117
57651,VOI,733,87.73,Indie,1342,0.5461997019374069
27485,XIII - Classic,1884,85.98,Action,261,7.218390804597701
371,Nienix,201,81.15,Action,352,0.5710227272727273
53660,Looterkings,437,69.89,Indie,130,3.3615384615384616
64295,Alone in the Dark: Illumination,352,25.98,Action,115,3.0608695652173914
61738,Hyperdimension Neptunia Re;Birth1,11679,92.07,RPG,2281,5.12012275317843
36676,ACE COMBAT™ 7: SKIES UNKNOWN,33779,85.53,Simulation,13758,2.4552260502980086
9337,仙侠世界2,392,68.94,RPG,122,3.2131147540983607
55429,Stack,33,58.92,Casual,1741,0.018954623779437105
64607,DeadCore,1979,81.52,Action,273,7.249084249084249
43901,Donut County,7415,88.04,Indie,636,11.65880503144654
48,The Legend of Heroes: Trails to Azure,184,89.18,RPG,884,0.2081447963800905
16457,Vivid Knight,1477,86.62,Strategy,1749,0.8444825614636935
32694,Zefira,115,62.9,RPG,131,0.8778625954198473
53133,NARUTO: Ultimate Ninja STORM,5108,73.25,Action,550,9.287272727272727
45181,Aegis Defenders,1538,75.93,Strategy,855,1.7988304093567251
36294,异化之恶〇Abnormal Treatment,2918,93.51,Free,501,5.824351297405189
5210,Sunday Gold,403,79.97,Adventure,193,2.088082901554404
51834,Realm Grinder,6129,84.39,Free,6265,0.97829209896249
258,Dread Templar,954,82.95,Action,159,6.0
15982,SuchArt: Creative Space,6184,94.54,Simulation,879,7.035267349260523
55086,Metal Assault,300,56.02,Free,367,0.8174386920980926
57715,Meadow,5715,86.58,Adventure,15036,0.3800877893056664
54866,Bacon Tales - Between Pigs and Wolves,50,62.49,Strategy,1166,0.04288164665523156
48994,Horse Farm,233,56.06,Free,110,2.118181818181818
44219,Life is Strange 2,28996,83.49,Adventure,468717,0.06186248845252039
63528,Agarest: Generations of War 2,234,57.58,RPG,376,0.6223404255319149
61408,Infection: Humanity's Last Gasp,47,41.95,Strategy,134,0.35074626865671643
64023,Incognito,31,44.78,Indie,791,0.039190897597977246
63491,Bunker - The Underground Game,72,58.06,Indie,654,0.11009174311926606
45356,International Space Station Tour VR,71,74.98,Casual,107,0.6635514018691588
22587,Stronghold: Warlords,3934,63.48,Strategy,4434,0.8872350022552999
51461,Divinity: Original Sin 2,160558,94.78,Adventure,93701,1.7135142634550324
61835,Rocket League,566267,87.94,Sports,147632,3.8356657093313102
65930,BIT.TRIP Presents... Runner2: Future Legend of Rhythm Alien,2996,88.28,Indie,795,3.768553459119497
38340,罪業狂襲FrenzyRetribution,1421,73.77,Action,416,3.4158653846153846
58126,Dead Island Definitive Edition,18246,80.34,Action,2324,7.851118760757315
16553,Feign,2499,85.77,RPG,2700,0.9255555555555556
53088,GET EVEN,1560,73.35,Action,473,3.2980972515856237
55511,Trivia Night,47,58.05,Casual,572,0.08216783216783216
38754,American Fugitive,2342,71.68,Action,920,2.5456521739130435
54990,Gil's Lucid Dreams,31,61.49,Indie,862,0.03596287703016241
22560,Camping Simulator: The Squad,709,63.79,Simulation,155,4.574193548387097
61634,Abrix for kids,197,32.41,Indie,320,0.615625
65051,Millennium - A New Hope,396,70.45,RPG,1967,0.20132180986273512
3562,10 Minutes Till Dawn,4307,92.11,Indie,3444,1.2505807200929153
51632,Superdimension Neptune VS Sega Hard Girls,902,87.76,RPG,597,1.5108877721943048
37415,RealFlight 9.5S,636,79.23,Simulation,425,1.4964705882352942
3601,Ember Knights,2061,91.22,Action,1039,1.983638113570741
33110,Girls' civilization,248,60.45,RPG,126,1.9682539682539681
64635,Mechanic Escape,776,80.99,Indie,1400,0.5542857142857143
54436,Doodle God Blitz,714,65.21,Free,283,2.522968197879859
58457,Brushwood Buddies,143,76.86,Indie,732,0.1953551912568306
65928,Rocksmith® 2014 Edition - Remastered,21118,88.44,Simulation,4063,5.197637213881368
4018,Spirits of the Hellements,271,86.24,Strategy,252,1.0753968253968254
53897,PAKO - Car Chase Simulator,160,68.61,Racing,173,0.9248554913294798
46238,Beasts of Bermuda,6482,70.19,Indie,3523,1.8399091683224524
7199,Destroy All Humans! 2 - Reprobed,1689,73.93,Action,2870,0.5885017421602787
57,스테퍼 케이스: 초능력 추리 어드벤처,248,88.54,Adventure,134,1.8507462686567164
30824,Heroes Showdown,340,69.46,Strategy,519,0.6551059730250481
65067,Reversion - The Meeting,193,69.98,Indie,2145,0.08997668997668998
54772,Space Wars: Interstellar Empires,223,63.16,Strategy,183,1.2185792349726776
57604,Kathy Rain,3559,88.85,Adventure,348015,0.010226570693791934
61959,Lowglow,454,84.85,Indie,1826,0.24863088718510407
22724,Black Legend,182,62.61,Strategy,180,1.011111111111111
36558,Cricket 19,2879,87.28,Sports,649,4.436055469953775
60083,Crown and Council,748,62.12,Strategy,725,1.0317241379310345
57594,Poly Bridge,15655,89.27,Simulation,4134,3.7868892114175132
5079,The Shadow Government Simulator: Prologue,155,80.5,Strategy,109,1.4220183486238531
26989,Riddle Joker,3435,94.73,Adventure,724,4.744475138121547
59171,Strike.is: The Game,1273,70.58,Free,482,2.641078838174274
60244,RX squad,27,60.55,Action,1553,0.017385705086928525
16657,Wolfstride,572,85.01,Action,149,3.838926174496644
4023,FINAL FANTASY VI,2445,79.13,RPG,577,4.2374350086655115
64864,Double Dragon Neon,2358,74.75,Action,208,11.336538461538462
52054,JYDGE,717,81.8,Action,139,5.158273381294964
17340,仙绣剑缘录,731,80.98,RPG,116,6.301724137931035
64986,Cubic Castles,4268,71.73,Massively,1348,3.166172106824926
45139,The Pillage,55,76.18,Indie,602,0.09136212624584718
28728,Seeds of Chaos,594,78.17,RPG,149,3.9865771812080535
62369,The Last NightMary - A Lenda do Cabeça de Cuia,702,76.86,Indie,412,1.703883495145631
56114,ESports Club,1550,52.99,Simulation,891,1.739618406285073
2290,Winter Survival: Prologue,235,62.53,Adventure,337,0.6973293768545994
28627,G String,730,78.6,Action,112,6.517857142857143
27282,INMOST,4173,88.08,Indie,489,8.533742331288343
66422,MapleStory,10692,66.79,Free,7298,1.4650589202521238
59968,Sky Break,537,63.37,Adventure,306,1.7549019607843137
8542,ORX,489,70.65,Indie,925,0.5286486486486487
54799,Incorp Inc,24,62.93,Simulation,153,0.1568627450980392
225,Rising Front,975,83.39,Casual,663,1.4705882352941178
54800,Popap,24,62.93,Casual,624,0.038461538461538464
66175,Gravity Badgers,432,59.52,Casual,137,3.153284671532847
10460,幻想三国志,273,65.68,Adventure,295,0.9254237288135593
64601,NARUTO SHIPPUDEN: Ultimate Ninja STORM Revolution,7928,81.9,Action,6831,1.1605914214609867
39842,Escape from Fortress Lugohm,97,66.59,RPG,105,0.9238095238095239
52353,Eventide Night,26,79.04,Action,5265,0.0049382716049382715
62107,Fallout 4,305201,81.46,RPG,472962,0.6452970851780904
7032,Stranded Deep,39958,74.25,Adventure,6036,6.619946984758118
44120,Graveyard Keeper,31591,84.73,Indie,16993,1.8590596127817336
53341,Robocraft,118471,72.02,Free,26725,4.432965388213283
39882,Desolate,7362,66.23,Action,1832,4.0185589519650655
62179,Dead Synchronicity: Tomorrow Comes Today,1266,79.94,Adventure,108,11.722222222222221
45843,Picross Fairytale - nonogram: Red Riding Hood secret,417,72.19,Casual,1128,0.3696808510638298
11292,New Home: Medieval Village,147,64.02,Strategy,189,0.7777777777777778
58222,RWBY: Grimm Eclipse,11492,79.23,Action,3298,3.484536082474227
66646,The First Templar,911,68.42,Action,103,8.844660194174757
44054,Heroes of Hammerwatch,8117,85.54,Action,2662,3.0492111194590534
16030,SUPER CHICKEN JUMPER,2860,92.84,Indie,171,16.72514619883041
51675,Ys SEVEN,709,87.12,RPG,283,2.5053003533568905
57442,Killer Elite – Time to Die,25,28.75,Action,3964,0.006306760847628658
58329,Worlds Adrift Island Creator,513,77.99,Simulation,174,2.9482758620689653
40813,Depraved,1106,61.12,Simulation,723,1.5297372060857537
60904,Marvel: Ultimate Alliance 2,354,52.34,Action,139,2.5467625899280577
54044,VITATIO 2,484,67.62,Indie,2733,0.17709476765459203
35276,JunkYard Prologue,452,47.21,Simulation,356,1.2696629213483146
11690,Moonshine Inc.,121,62.32,Strategy,241,0.5020746887966805
64208,Edge of Space,2728,35.39,Indie,1210,2.2545454545454544
3779,The Sushi Spinnery,240,88.39,Simulation,227,1.0572687224669604
27085,DRAGON BALL Z: KAKAROT,40306,91.41,Action,25852,1.5591056784774873
64203,Retention,672,35.94,Indie,1642,0.4092570036540804
66858,Darkest of Days,304,71.07,Action,177,1.7175141242937852
24269,Arena Tactics,31,57.31,Strategy,145,0.21379310344827587
55453,Gloria Sinica: Han Xiongnu Wars,3849,58.56,Indie,3580,1.0751396648044693
16290,Evil God Korone,454,88.37,Indie,116,3.913793103448276
49055,Pembrey,55,55.75,RPG,460,0.11956521739130435
65119,Mercenary Kings,2375,68.55,Indie,846,2.807328605200946
66857,Clones,373,71.08,Adventure,1986,0.1878147029204431
16602,The Last Stand Legacy Collection,1395,85.38,Action,214,6.518691588785047
67563,X3: Reunion,594,67.82,Strategy,315,1.8857142857142857
14003,Feartress,48,52.88,Strategy,101,0.4752475247524752
58030,Blameless,4571,81.38,Adventure,639,7.153364632237872
52912,Gigantic,7458,74.55,Free,8303,0.8982295555823196
54523,The Last Tree,36,64.73,Indie,775,0.04645161290322581
64650,Sniper Elite 3,24169,80.57,Action,10861,2.225301537611638
29441,Fate Arena (Alpha),409,75.05,Free,228,1.793859649122807
10471,Trolley Problem Inc.,798,65.52,Indie,150,5.32
37863,Nyasha,435,76.34,Indie,32033,0.013579745887053976
6548,My Pet Rock,33,66.85,Casual,915,0.036065573770491806
8546,Fueled Up,86,70.63,Indie,207,0.41545893719806765
59826,WRC 6,1014,64.77,Racing,233,4.351931330472103
57903,Deponia Doomsday,3446,83.2,Adventure,2644,1.3033282904689865
14163,Ghost of Dragon,691,50.19,RPG,2317,0.2982304704359085
58096,Zombie Party,653,80.68,RPG,999,0.6536536536536537
16088,Death's Door,13089,91.34,Indie,3740,3.4997326203208554
3585,Teenage Mutant Ninja Turtles: Shredder's Revenge,11022,91.59,Indie,11933,0.9236570853934467
3905,Space Beast Terror Fright,1484,87.14,Action,149,9.95973154362416
39883,Marle: The Labyrinth of the Black Sea,141,66.22,RPG,196,0.7193877551020408
60147,HEX: Shards of Fate,1745,61.61,Strategy,2118,0.823890462700661
55044,Robo Do It,33,60.9,Indie,1081,0.030527289546716005
43880,Devil May Cry HD Collection,8100,88.79,Action,767,10.560625814863103
28182,Mars Horizon,2494,80.81,Strategy,2525,0.9877227722772277
57185,NightZ,128,38.59,Action,1499,0.08539026017344896
36841,GENSOU Skydrift,571,83.65,Racing,172,3.3197674418604652
51828,These nights in Cairo,252,84.43,Casual,194,1.2989690721649485
62931,RONIN,2217,68.12,Indie,236,9.39406779661017
8812,Estella's Nightmare: Sealed Space and a Succubus's Curse,362,69.5,RPG,125,2.896
37275,Hentai Asmodeus,1867,80.23,Casual,676,2.7618343195266273
16560,Operation Tango,5255,85.71,Adventure,972,5.406378600823046
3504,ASTLIBRA ～生きた証～ Revision,14039,93.99,Action,7000,2.005571428571429
27470,Shieldwall,4835,86.15,Action,1018,4.74950884086444
59726,Infectonator : Survivors,1001,65.6,Indie,193,5.186528497409326
26229,The Lost Valley,346,38.27,Adventure,2229,0.15522655899506504
43960,Totally Accurate Battlegrounds,77856,86.89,Indie,29438,2.644744887560296
63534,Selfie: Sisters of the Amniotic Lens,192,57.45,Simulation,672,0.2857142857142857
162,In Sink: A Co-Op Escape Prologue,1309,84.64,Casual,1323,0.9894179894179894
62819,200% Mixed Juice!,849,70.11,RPG,463,1.8336933045356372
5254,Frogun,299,79.77,Indie,123,2.430894308943089
58434,Total War: WARHAMMER,50474,77.02,Strategy,113019,0.4465974747608809
62043,Assassin's Creed Rogue,13385,82.92,Action,2371,5.6452973428932935
65211,Dragon Nest Europe,4296,65.11,Free,2028,2.1183431952662723
45578,Odysseus Kosmos and his Robot Quest - Episode 1,394,73.51,Indie,1585,0.24858044164037854
64334,Floating Point,3733,92.09,Casual,754,4.950928381962865
16266,Toodee and Topdee,529,88.58,Indie,104,5.086538461538462
51502,Meltys Quest,1968,91.44,RPG,463,4.250539956803456
16063,美少女万华镜 -理与迷宫的少女-,2479,91.78,Adventure,810,3.060493827160494
44137,Football Manager 2019,12441,84.5,Simulation,75982,0.16373614803506092
19052,The Fermi Paradox,767,74.52,Strategy,423,1.8132387706855793
58681,Curvatron,168,74.81,Indie,1124,0.1494661921708185
60231,Doors,305,60.64,Indie,134,2.2761194029850746
28315,Time Warpers,507,80.14,RPG,280,1.8107142857142857
60693,CODE OF PRINCESS,291,55.21,Action,134,2.171641791044776
8224,SILT,337,71.22,Adventure,142,2.3732394366197185
29623,Dwarrows,120,74.19,Adventure,122,0.9836065573770492
3927,SCP : Secret Files,3085,86.93,Adventure,927,3.327939590075512
4551,Springblades,79,82.92,Indie,110,0.7181818181818181
61473,The Last Hope,917,40.35,Indie,9417,0.09737708399702666
61110,Forbidden Planet,298,49.17,Indie,4406,0.06763504312301408
44192,Delver,2697,83.79,Adventure,684,3.942982456140351
14132,트리 오브 세이비어,212,51.51,Free,568,0.3732394366197183
27590,Drug Dealer Simulator,14994,85.14,Simulation,7574,1.9796672828096118
620,Burger Bistro Story,64,77.94,Simulation,133,0.48120300751879697
59705,The Westport Independent,224,65.8,Simulation,137,1.635036496350365
60491,Save Home,49,57.77,Indie,1791,0.027359017308766054
27530,Battlefield 4™ ,52446,85.57,Action,12425,4.221006036217304
61733,eden*,3111,92.37,Adventure,302,10.301324503311259
61804,Endless Sky,5824,88.93,Simulation,3035,1.9189456342668862
5627,Zombie Cure Lab,216,78.59,Strategy,412,0.5242718446601942
60956,Hyposphere,195,51.43,Indie,2120,0.09198113207547169
67552,BloodRayne,602,74.27,Action,188,3.202127659574468
53659,HoPiKo,196,69.9,Action,1001,0.1958041958041958
44164,Battlezone: Combat Commander,721,84.14,Action,282,2.5567375886524824
4691,My Gaming Club,514,82.15,Simulation,181,2.839779005524862
61001,Beastiarium,119,50.32,Adventure,743,0.1601615074024226
19592,[NINJA GAIDEN: Master Collection] NINJA GAIDEN Σ2,1141,72.56,Action,722,1.580332409972299
36390,BONEWORKS,33248,90.27,Action,8717,3.814156246415051
20026,I Am Fish,1594,71.36,Adventure,390,4.087179487179487
63810,The Troma Project,357,51.28,Strategy,8868,0.040257104194857916
16804,Down in Bermuda,756,83.95,Adventure,188,4.0212765957446805
64979,Ascendant,205,72.02,Action,2000,0.1025
67038,Europa Universalis III,1866,80.41,Strategy,1315,1.4190114068441064
2,The Murder of Sonic the Hedgehog,12856,95.54,Casual,15543,0.8271247506916297
3565,Spark the Electric Jester 3,1129,92.03,Action,239,4.7238493723849375
25929,武林志2（Wushu Chronicles 2）,769,45.33,Action,386,1.9922279792746114
31187,Unto The End,365,68.32,Adventure,107,3.411214953271028
57893,Endless Fables: The Minotaur's Curse,257,83.34,Adventure,362,0.7099447513812155
58626,Spikit,399,75.23,Indie,2771,0.14399133886683507
27464,Amazing Cultivation Simulator,20504,86.23,Simulation,18349,1.1174450923756063
63540,Towers of Altrac,119,57.38,Strategy,166,0.7168674698795181
16489,Bloodwash,898,86.27,Action,103,8.718446601941748
58745,OutDrive,4583,74.1,Racing,1391,3.294751976994968
62102,Gnomes Garden,296,81.58,Strategy,1639,0.18059792556436852
55828,The New Queen,22,55.55,RPG,1015,0.02167487684729064
36523,Lonely Mountains: Downhill,1917,87.8,Racing,277,6.92057761732852
55859,Adventures of Abrix,31,55.22,Strategy,235,0.13191489361702127
57778,There's Poop In My Soup,4304,85.44,Indie,2826,1.5230007077140835
53495,Crystal Control II,5,70.84,Indie,371,0.013477088948787063
36456,MO:Astray,4457,88.89,Action,492,9.058943089430894
17417,Battle Ball,455,80.61,Free,105,4.333333333333333
42238,Police Simulator: Patrol Duty,3853,51.99,Simulation,1163,3.312983662940671
62992,This Book Is A Dungeon,266,67.14,Indie,1082,0.24584103512014788
27830,SIMULACRA 2,1341,83.18,Simulation,318,4.216981132075472
54578,Stone Age Wars,201,64.09,Action,2959,0.06792835417370734
64892,Flyhunter Origins,31,74.03,Adventure,200,0.155
61549,SLG Remix,42,37.09,Adventure,235,0.17872340425531916
50142,Agony,2642,47.63,Adventure,2845,0.9286467486818981
56650,Langoth,66,46.74,Indie,4164,0.01585014409221902
52777,Just Cause™ 3: Multiplayer Mod,2515,75.5,Massively,602,4.177740863787376
11527,SQUID GIRLS 18+,178,62.87,Action,331,0.5377643504531722
66515,Fable - The Lost Chapters,7101,89.42,Action,2595,2.736416184971098
48680,The Moment We Met,243,58.49,Adventure,258,0.9418604651162791
65294,YAIBA: NINJA GAIDEN Z,807,62.73,Action,121,6.669421487603306
51969,Codename CURE,16146,82.6,Action,1308,12.344036697247706
30588,Efflorescence of Lust,543,70.58,Casual,153,3.549019607843137
62978,Pongo,528,67.36,Casual,2644,0.19969742813918306
21950,"Imperivm RTC - HD Edition ""Great Battles of Rome""",760,65.13,Strategy,337,2.255192878338279
28073,PGA TOUR 2K21,7163,81.47,Sports,5473,1.3087885985748218
16003,OPUS: Echo of Starsong - Full Bloom Edition,6633,93.79,Adventure,567,11.698412698412698
62298,Fahrenheit: Indigo Prophecy Remastered,5370,78.12,Adventure,417,12.877697841726619
66347,Penny Arcade's On the Rain-Slick Precipice of Darkness 3,562,80.0,Indie,1084,0.518450184501845
63887,Three Digits,154,49.49,Indie,1731,0.08896591565569036
58246,FORCED SHOWDOWN,646,78.94,Action,427,1.5128805620608898
60859,Liveza: Death of the Earth,156,53.01,Indie,1607,0.0970752955818295
28640,RaiOhGar: Asuka and the King of Steel,256,78.54,RPG,129,1.9844961240310077
27984,Action Taimanin,15262,82.05,Action,2894,5.2736696613683485
5566,Nightmare Hunter,95,78.7,Indie,102,0.9313725490196079
11443,Matchpoint - Tennis Championships,146,63.31,Sports,140,1.042857142857143
62870,Airport Madness 4,150,69.22,Adventure,137,1.094890510948905
3716,Tree Simulator 2023,600,89.3,Simulation,160,3.75
66266,Ys Origin,2888,90.33,RPG,1162,2.485370051635112
60146,Eclipse: New Dawn for the Galaxy,118,61.64,Strategy,102,1.1568627450980393
53931,Flying Tigers: Shadows Over China,881,68.22,Action,176,5.005681818181818
51508,Sonic Mania,22294,91.25,Action,11937,1.8676384351177013
44753,VCB: Why City,2332,78.7,Action,3989,0.5846076710955127
43744,House Flipper,73182,92.28,Simulation,13032,5.615561694290976
65571,Evolution RTS,375,51.22,Strategy,304,1.2335526315789473
32726,Alder's Blood: Definitive Edition,233,62.63,RPG,184,1.266304347826087
10317,STAR OCEAN THE DIVINE FORCE,1552,66.58,RPG,4420,0.351131221719457
14910,Grapple,332,83.83,Free,462,0.7186147186147186
35135,Heat,2873,49.6,Action,1422,2.020393811533052
31447,Seed Hunter 猎源,354,67.1,Indie,132,2.6818181818181817
16122,Blood Spear,1636,90.52,Action,143,11.44055944055944
30279,Void Source,104,71.74,Indie,749,0.13885180240320427
61091,Head Shot,1734,49.95,Action,4255,0.4075205640423032
64468,Dungeonmans,985,86.09,RPG,248,3.971774193548387
63898,STAR-BOX: RPG Adventures in Space!,84,49.12,RPG,462,0.18181818181818182
16179,ScooterFlow,1309,89.57,Indie,365,3.5863013698630137
32641,Dark Hero Party,302,63.32,RPG,116,2.603448275862069
66498,Batman: Arkham City™,2019,93.74,Action,7162,0.2819044959508517
62267,Comedy Quest,291,78.56,Adventure,125,2.328
45741,Phantom Doctrine,4072,72.82,Strategy,2658,1.5319789315274643
60804,FINAL TAKE,362,53.9,Adventure,2571,0.14080124465188643
46237,The Bonfire: Forsaken Lands,180,70.21,Indie,170,1.0588235294117647
44483,Not Tonight,1952,80.95,RPG,486,4.016460905349795
50494,Starship Corporation,528,43.73,Indie,281,1.8790035587188612
13297,The Serpent Rogue,179,57.29,Adventure,159,1.1257861635220126
27731,Magical Diary: Wolf Hall,181,83.88,RPG,143,1.2657342657342658
59527,Fated Souls 2,23,67.4,RPG,502,0.045816733067729085
65429,Depression Quest,3899,58.13,Indie,515,7.570873786407767
17454,Bloons TD Battles 2,23756,80.44,Strategy,17137,1.3862402987687459
62471,NASCAR '15 Victory Edition,1081,75.3,Racing,109,9.917431192660551
16353,DEEEER Simulator: Your Average Everyday Deer Game,2956,87.52,Action,251,11.776892430278885
51459,Cuphead,134194,95.2,Action,19026,7.053190371071166
58644,TOXIKK,5499,75.08,Action,1646,3.3408262454434996
63372,GabeN: The Final Decision,684,60.43,RPG,1322,0.5173978819969742
58065,Duke Nukem 3D: 20th Anniversary World Tour,4087,81.01,Action,329,12.422492401215806
64798,Tower of Guns,1165,76.72,Indie,364,3.2005494505494507
25154,Bless Unleashed,29773,51.87,Massively,76377,0.3898163059559815
30380,Knights and Dungeons,118,71.33,RPG,221,0.5339366515837104
64420,Metro: Last Light Redux,56662,87.84,Action,2819,20.100035473572188
65858,Final Slam 2,471,26.63,Action,378,1.246031746031746
16051,Knights College,1681,92.16,Adventure,599,2.8063439065108513
27350,Out of the Park Baseball 21,1670,87.32,Sports,2047,0.815828041035662
25,Apewar,1363,91.06,Action,361,3.775623268698061
21033,Smintheus,8,68.15,Adventure,375,0.021333333333333333
10113,WRC Generations - The FIA WRC Official Game,1725,66.97,Racing,1241,1.3900080580177276
50475,Way Out,8,43.95,Casual,153,0.05228758169934641
16505,Goose Goose Duck,44813,86.12,Free,702845,0.06375943486828532
11714,Cricket Captain 2022,29,62.15,Sports,135,0.21481481481481482
63280,Mondrian - Abstraction in Beauty,26,62.1,Casual,626,0.04153354632587859
27826,Crysis® 3 ,5134,83.23,Action,1387,3.7015140591204037
327,Reshaping Mars,653,81.73,Simulation,642,1.017133956386293
66031,Eador. Genesis,378,78.19,Strategy,193,1.9585492227979275
29964,Kingdom Under Fire: Heroes,348,73.09,Strategy,131,2.6564885496183206
36475,Glass Masquerade 2: Illusions,2568,88.56,Indie,932,2.755364806866953
51466,Opus Magnum,5132,93.82,Simulation,901,5.695893451720311
27004,Desperados III,11355,93.98,Strategy,6057,1.8746904408122833
65494,Super Chain Crusher Horizon,33,54.96,Action,507,0.0650887573964497
63848,Butsbal,70,50.0,Action,136,0.5147058823529411
66409,Game of Thrones ,2231,69.67,Action,961,2.3215400624349636
18055,Stellar Warfare,214,78.09,Strategy,115,1.8608695652173912
52307,CPU Invaders,705,79.38,Indie,2489,0.28324628364805143
54980,Antaria Online R,342,61.61,Massively,143,2.3916083916083917
44069,Bio Inc. Redemption,1741,85.41,Simulation,340,5.120588235294117
64662,Wasteland 2,7979,80.19,RPG,18856,0.4231544336020365
58386,ONE PIECE BURNING BLOOD,3843,77.49,Action,857,4.484247374562427
49471,Sansar,600,53.13,Early,283,2.1201413427561837
30751,The Dark Pictures Anthology: Little Hope,6778,69.86,Adventure,4997,1.3564138483089854
60834,Hide & Hold Out - H2o,639,53.42,Simulation,540,1.1833333333333333
43912,Bud Spencer & Terence Hill - Slaps And Beans,1557,87.78,Action,226,6.889380530973451
62317,INK,1569,77.79,Indie,184,8.527173913043478
63496,Shadowrun Chronicles - Boston Lockdown,1334,58.03,Strategy,720,1.8527777777777779
59707,Race.a.bit,84,65.8,Racing,102,0.8235294117647058
66683,Steel Storm: Burning Retribution,345,59.0,Indie,475,0.7263157894736842
53450,Gangs of Space,414,71.23,Massively,383,1.080939947780679
18517,House Builder,1500,76.39,Simulation,777,1.9305019305019304
57536,SHENZHEN I/O,3601,91.35,Simulation,1170,3.077777777777778
36326,Blood: Fresh Supply,5647,92.34,Action,592,9.53885135135135
63323,The Masterplan,518,61.29,Action,163,3.1779141104294477
16152,Black Book,4560,90.0,Adventure,1817,2.5096312603192077
3456,Wild West Dynasty,1262,32.43,Simulation,2576,0.48990683229813664
58702,Goblet of Maya,15,74.53,Adventure,3829,0.003917471924784539
46161,Terraforming Mars,5218,70.59,Strategy,1667,3.1301739652069585
51554,DEEP SPACE WAIFU: FLAT JUSTICE,2212,89.74,Action,241,9.178423236514522
15984,东方夜雀食堂 - Touhou Mystia's Izakaya,13938,94.45,RPG,1898,7.3435194942044255
22067,Simpocalypse,99,64.77,Simulation,102,0.9705882352941176
64313,Grimm,31817,95.06,Indie,30886,1.0301431069092792
58820,SPINGUN,83,73.52,Indie,379,0.21899736147757257
20975,Aircraft Carrier Survival: Prolouge,1166,68.58,Simulation,647,1.8021638330757341
24382,GrandChase,20193,56.44,Action,79883,0.2527821939586645
65706,Starion Tactics,172,43.13,Strategy,342,0.5029239766081871
52814,Head Goal: Soccer Online,706,75.13,Action,3261,0.2164980067463968
57475,Iron Snout,16999,95.26,Indie,1373,12.380917698470503
7287,Fap Goddess,357,73.59,Free,229,1.5589519650655022
19874,Garbage: Hobo Prophecy,1381,71.92,Strategy,888,1.5551801801801801
27430,Kingdom Under Fire: The Crusaders ,895,86.53,Strategy,363,2.465564738292011
64931,Deadly 30,1700,73.13,Indie,770,2.207792207792208
53434,Has-Been Heroes,367,71.4,Strategy,154,2.383116883116883
18189,Let It Flow,731,77.56,Free,134,5.455223880597015
44724,Wizard101,5617,78.93,Massively,1060,5.299056603773585
36887,Totally Reliable Delivery Service Beta,3686,83.31,Action,823,4.478736330498178
37994,She Sees Red,2801,75.64,Adventure,155,18.070967741935483
63767,The Land Of Lamia,66,52.18,Adventure,181,0.36464088397790057
779,Gatekeeper: Eclipse,596,76.37,Action,1133,0.5260370697263901
58274,Agatha Christie - The ABC Murders,2422,78.56,Adventure,222,10.90990990990991
54065,The Inner Darkness,87,67.44,Indie,304,0.28618421052631576
4923,Adorable Witch 3,472,81.09,Indie,153,3.084967320261438
59402,Demon Hunter 2: New Chapter,234,68.27,Casual,337,0.6943620178041543
66444,Jagged Alliance: Crossfire,285,59.61,Strategy,456,0.625
52058,Tokyo Dark,1208,81.76,Adventure,223,5.417040358744394
1265,No One Survived,3097,71.87,RPG,4632,0.6686096718480138
7500,Shanubis,7,73.26,Action,1040,0.006730769230769231
5797,Dying Light 2,129303,78.03,Action,274983,0.47022179552917814
19287,SimCasino,617,73.78,Simulation,189,3.2645502645502646
3829,The Forest of Drizzling Rain,164,87.81,Adventure,134,1.2238805970149254
62474,The Secret Order 2: Masked Intent,418,75.25,Adventure,213,1.9624413145539905
23990,HEAT REBORN,260,59.06,Free,546,0.47619047619047616
58460,LoveKami -Divinity Stage-,572,76.82,Adventure,128,4.46875
64769,Heroes of a Broken Land,205,77.47,RPG,142,1.443661971830986
23477,Breakwaters,876,59.53,Adventure,1043,0.8398849472674976
64495,Geometry Wars 3: Dimensions Evolved,1396,85.14,Action,397,3.5163727959697733
65112,Damned,3851,68.84,Adventure,1038,3.710019267822736
52665,Toukiden 2,1341,76.32,Action,1938,0.6919504643962848
51959,Death's Hangover,459,82.75,Action,185,2.481081081081081
63419,Hit Tank PRO,120,59.55,Strategy,471,0.25477707006369427
48172,PRO EVOLUTION SOCCER 2019 LITE,2599,60.3,Sports,2451,1.0603835169318645
36364,The Jackbox Party Pack 6,2544,91.15,Casual,6630,0.38371040723981903
5400,FLERP,282,79.27,Action,252,1.119047619047619
62360,Titan Souls,11268,77.04,Indie,4404,2.55858310626703
60487,Shining Plume,64,57.82,RPG,779,0.0821566110397946
18422,Dreams of Desire: Definitive Edition,999,76.76,Indie,732,1.3647540983606556
52750,ECHO,1473,75.67,Action,245,6.012244897959183
10327,Line Strike,211,66.51,Free,112,1.8839285714285714
49300,Grimmwood,240,54.38,Strategy,272,0.8823529411764706
62534,An Assassin in Orlandes,83,74.4,RPG,624,0.1330128205128205
66428,Home,1694,65.19,Indie,356,4.758426966292135
27661,Britannic: Patroness of the Mediterranean,689,84.4,Simulation,396,1.7398989898989898
58810,Tumblestone,1820,73.57,Strategy,13239,0.1374726187778533
65390,Platypus II,574,59.21,Action,1687,0.34024896265560167
16021,Chicory: A Colorful Tale,2280,93.18,Adventure,353,6.458923512747876
38167,STORM AREA 51: AYY LMAO EDITION,885,74.64,Action,1977,0.44764795144157815
23033,Monster Energy Supercross - The Official Videogame 4,579,61.86,Racing,572,1.0122377622377623
56118,Lift It,117,52.93,Indie,4510,0.025942350332594236
54194,Hive Jump,360,66.83,Indie,126,2.857142857142857
65900,Space Rangers HD: A War Apart,5726,91.47,RPG,778,7.359897172236503
14744,二十一,58,47.56,Action,139,0.4172661870503597
58930,EvilMaze,1173,72.64,RPG,1304,0.8995398773006135
59857,Epic Manager,231,64.48,Strategy,158,1.4620253164556962
48932,Hand of the Gods,1282,56.69,Strategy,1773,0.7230682459108855
65232,ACE - Arena: Cyber Evolution,1068,64.54,Free,288,3.7083333333333335
47193,NOBUNAGA'S AMBITION: Tenkasousei with Power Up Kit,112,65.59,Strategy,127,0.8818897637795275
66236,Iesabel,742,33.13,RPG,115,6.452173913043478
65114,Battle Mages,165,68.8,Strategy,1140,0.14473684210526316
15926,Armed Zone,247,30.16,Free,209,1.1818181818181819
44374,ATOM RPG,9438,81.88,RPG,2938,3.2123893805309733
61539,Lone Leader,347,37.71,Action,9911,0.03501160326909494
37044,FlowScape,1239,81.96,Simulation,379,3.2691292875989446
36338,AMID EVIL,5511,91.86,Action,352,15.65625
57685,Job Simulator,4028,87.26,Simulation,611,6.5924713584288055
918,Hotel Renovator,1114,75.01,Simulation,2503,0.4450659208949261
60271,Hikikomori No Chuunibyou,43,60.28,Indie,228,0.18859649122807018
12089,麻雀一番街,734,59.99,Strategy,1010,0.7267326732673267
63840,Rubber and Lead,95,50.39,Action,740,0.12837837837837837
38471,Nova-Life: Amboise,608,73.2,Simulation,267,2.2771535580524342
64761,CastleMiner Z,9850,77.64,Action,452,21.792035398230087
27010,shapez,9299,93.82,Simulation,2622,3.5465293668955
16265,Dinner with an Owl,599,88.58,Adventure,132,4.537878787878788
63352,Runes of Brennos,44,60.85,Action,102,0.43137254901960786
27144,Mosaique Neko Waifus 3,1768,90.23,RPG,380,4.652631578947369
37853,Ironsight,5480,76.39,Action,1359,4.032376747608535
10833,Video Horror Society,6772,64.18,Action,6023,1.124356632907189
47062,THE WARRIORLOCK,36,66.57,RPG,373,0.09651474530831099
43042,DK Online,562,42.73,RPG,891,0.6307519640852974
68,Die in the Dungeon PROLOGUE,324,87.92,Indie,379,0.8548812664907651
61133,The Lost Souls,179,48.45,Indie,1048,0.17080152671755724
26978,Phasmophobia,545197,95.86,Indie,112717,4.836865778897593
18672,Wanted Raccoon,427,75.83,Action,135,3.162962962962963
62028,Reverse Crawl,533,83.21,RPG,164,3.25
57911,Hade,282,83.04,Indie,176,1.6022727272727273
15992,星空列车与白的旅行,2098,94.27,Adventure,300,6.993333333333333
53542,Choppa,126,70.71,Indie,2274,0.055408970976253295
61012,Wartune,100,50.0,RPG,337,0.29673590504451036
62927,Heroes of Normandie,219,68.15,Strategy,235,0.9319148936170213
66316,Natural Selection 2,12647,83.38,Action,9510,1.329863301787592
18822,MXGP 2021 - The Official Motocross Videogame,382,75.3,Racing,130,2.9384615384615387
16808,The Perfect Tower II,1987,83.93,Strategy,2725,0.7291743119266055
20376,Hanako: Honor & Blade,205,70.46,Indie,149,1.3758389261744965
60194,Shoppe Keep,2784,61.03,Adventure,683,4.076134699853587
67464,Tomb Raider: Anniversary,5455,80.06,Action,461,11.832971800433839
63982,Burgers,650,46.44,Indie,2971,0.21878155503197577
53047,Fix Me Fix You,46,73.87,Casual,938,0.04904051172707889
3554,BABBDI,1420,92.31,Casual,117,12.136752136752136
64451,QP Shooting - Dangerous!!,480,86.58,Action,101,4.752475247524752
57573,ACE Academy,1456,90.21,RPG,132,11.030303030303031
47253,Coffee Crisis,167,65.3,Indie,666,0.25075075075075076
61098,Knight Online,10224,49.66,Free,24594,0.4157111490607465
9694,世界の為の全ての少女,111,67.42,Indie,209,0.5311004784688995
17548,Gladiator Guild Manager,1868,79.99,Strategy,1543,1.2106286454957875
27032,The Jackbox Party Pack 7,3832,92.96,Casual,10599,0.3615435418435701
59762,Void Raiders,76,65.36,Action,203,0.37438423645320196
53617,Solstice Chronicles: MIA,296,70.22,Action,101,2.9306930693069306
10201,苦主救助中心Ⅰ,1839,66.64,RPG,616,2.9853896103896105
6488,《蜀山：初章》买断版,6723,75.85,Massively,9202,0.730602043034123
63612,But to Paint a Universe,34,55.8,Casual,255,0.13333333333333333
58924,Dungeon Rats,561,72.69,RPG,278,2.0179856115107913
54056,DRAGON QUEST HEROES™ II,750,67.51,Action,847,0.885478158205431
62421,Darksiders II Deathinitive Edition,15176,76.16,Action,2927,5.1848308848650495
16322,Sakura Hime,1192,87.94,Casual,162,7.3580246913580245
54970,The Artifact,199,61.82,Indie,243,0.8189300411522634
10990,Smashball,245,62.39,Sports,971,0.25231719876416064
62245,Forward to the Sky,2106,78.89,Action,7227,0.29140722291407223
28299,Panzer Corps 2,2975,80.21,Strategy,3480,0.8548850574712644
59188,Dofus,554,70.42,RPG,399,1.3884711779448622
3542,Farmer Against Potatoes Idle,3153,92.54,Casual,8951,0.3522511451234499
7022,Extremely Realistic Siege Warfare Simulator,102,74.34,Simulation,103,0.9902912621359223
62691,Pixel Heroes: Byte & Magic,511,72.13,RPG,487,1.0492813141683779
46819,Road Scars: Origins,239,67.07,Indie,2834,0.08433309809456599
36275,Kind Words,8133,95.1,Indie,362,22.46685082872928
62520,David.,733,74.54,Indie,549,1.3351548269581057
16960,Blaster Master Zero 3,322,83.03,Action,194,1.6597938144329898
59377,Metrico+,209,68.57,Adventure,122,1.7131147540983607
61727,Refunct,16947,93.37,Adventure,480,35.30625
26985,Ori and the Will of the Wisps,107594,95.13,Action,34807,3.0911598241732983
36634,SWINE HD Remaster,949,86.11,Strategy,364,2.607142857142857
58902,RePete,38,72.86,Indie,699,0.05436337625178827
60742,The Mahjong Huntress,210,54.57,Adventure,475,0.4421052631578947
43905,Snow Daze,1191,88.0,Casual,115,10.356521739130434
64418,ibb & obb,5962,88.0,Indie,1076,5.54089219330855
37599,Retimed,318,77.97,Action,115,2.765217391304348
18031,The Timeless Child,1854,78.18,Adventure,961,1.9292403746097815
60699,Dorke and Ymp,24,55.17,Indie,128,0.1875
61171,Slingshot people,1356,47.71,Indie,3153,0.4300666032350143
55443,Don Bradman Cricket 17,262,58.69,Sports,232,1.1293103448275863
57530,Sven Co-op,26989,91.53,Free,6572,4.106664637857578
30000,Evenicle 2 - Clinical Trial Edition,230,72.77,RPG,149,1.5436241610738255
28764,I am an Air Traffic Controller 4,339,77.93,Simulation,114,2.973684210526316
59270,Draw Rider,171,69.58,Racing,1200,0.1425
17259,Bad Memories,340,81.38,Indie,147,2.312925170068027
66905,Delve Deeper,413,59.22,Adventure,259,1.5945945945945945
47636,MachiaVillain,705,63.86,Indie,1084,0.6503690036900369
44426,FROSTBITE: Deadly Climate,494,81.49,Indie,153,3.2287581699346406
16352,Rift Wizard,820,87.55,RPG,339,2.4188790560471976
54341,Batman™: Arkham VR,1909,65.77,Adventure,198,9.641414141414142
4763,猎魔战纪,160,81.83,Action,116,1.3793103448275863
3933,Retro Gadgets,193,86.88,Simulation,124,1.5564516129032258
59692,Strategy & Tactics: Wargame Collection,250,65.89,Strategy,516,0.4844961240310077
63614,Showing Tonight: Mindhunters Incident,83,55.77,Adventure,1981,0.041898031297324584
36430,The Long Drive,20630,89.31,Indie,3151,6.547127895906062
61391,Nuts!: The Battle of the Bulge,46,42.54,Strategy,131,0.3511450381679389
59038,Rogue Port - Red Nightmare,104,71.74,RPG,3906,0.026625704045058884
16273,Slipways,1767,88.51,Strategy,1012,1.7460474308300395
3792,Gunner HEAT PC!,2246,88.23,Simulation,981,2.2895005096839958
26538,Astellia Royal,486,39.92,Massively,744,0.6532258064516129
52650,BLUE REFLECTION,1173,76.4,RPG,168,6.982142857142857
33159,Escape First 3,191,60.19,Adventure,167,1.1437125748502994
8028,Hubris,367,71.85,Adventure,104,3.5288461538461537
13891,College Bound: Arctic Adventure,87,53.83,Simulation,133,0.6541353383458647
57704,KARAKARA,1799,86.85,Indie,314,5.729299363057325
43079,Clicker Warriors,115,42.39,Free,221,0.5203619909502263
61822,Amnesia™: Memories,3169,88.36,Adventure,558,5.67921146953405
61753,The Jackbox Party Pack 2,1828,91.06,Casual,4937,0.37026534332590644
43733,Meteor 60 Seconds!,4175,92.66,Simulation,346,12.066473988439306
52185,Crisis in the Kremlin,1269,80.47,Strategy,3095,0.410016155088853
60161,Tabletopia,1523,61.42,Simulation,1207,1.2618061309030655
60605,The Ship: Remasted,666,56.32,Action,195,3.4153846153846152
24719,YUME,1447,55.13,Indie,1691,0.8557066824364281
65066,Shan Gui,2264,70.05,Indie,185,12.237837837837837
3743,Smithworks,1545,88.93,Indie,604,2.55794701986755
16959,Draw & Guess,28898,83.05,Casual,41766,0.6919025044294402
66339,Fairy Bloom Freesia,1082,80.59,Indie,174,6.218390804597701
59365,POPixel,63,68.7,Indie,1233,0.051094890510948905
64886,The Happy Hereafter,389,74.12,Strategy,705,0.5517730496453901
62407,2064: Read Only Memories,1554,76.36,Adventure,139,11.179856115107913
62676,PERFECT ANGLE: The puzzle game based on optical illusions,331,72.33,Indie,1515,0.21848184818481847
67474,Championship Manager 2008,111,74.94,Sports,123,0.9024390243902439
65182,SPACECOM,465,66.22,Strategy,1223,0.3802125919869174
9456,The Demon Lord Is New in Town!,108,68.21,Indie,158,0.6835443037974683
16648,Rewrite+,241,85.05,Casual,107,2.2523364485981308
31634,Second Chance,1083,80.28,RPG,117,9.256410256410257
17216,Blind Fate: Edo no Yami — Prologue,450,81.59,Free,132,3.409090909090909
16674,Dread X Collection: The Hunt,336,84.93,Action,164,2.048780487804878
62469,The Charnel House Trilogy,623,75.35,Adventure,182,3.423076923076923
43876,FRAMED Collection,1973,88.85,Indie,461,4.279826464208243
3856,FINAL FANTASY VII REMAKE INTERGRADE,14281,87.52,RPG,13803,1.0346301528653192
22725,Cat Simulator,108,62.61,Simulation,138,0.782608695652174
67005,Overlord II,4062,85.51,RPG,1702,2.3866039952996476
66967,Fallout 2,11637,91.58,RPG,657,17.71232876712329
36766,Blazing Chrome,1401,84.54,Action,119,11.77310924369748
144,Horny Warp,224,85.18,Adventure,218,1.0275229357798166
5001,Buggos,492,80.76,Simulation,257,1.9143968871595332
31941,Ludus,495,65.63,Simulation,185,2.675675675675676
21027,魔塔地牢,143,68.18,RPG,150,0.9533333333333334
63635,Regimental Chess,193,55.15,Strategy,3271,0.059003362885967595
36292,missed messages.,13789,93.55,Indie,184,74.94021739130434
67290,Assassin's Creed,15567,82.01,Adventure,1468,10.604223433242506
58636,Interstellar Logistics Inc,34,75.12,Casual,783,0.04342273307790549
26540,Open Country,383,39.88,Adventure,355,1.0788732394366196
44082,Beholder 2,5625,85.18,Adventure,1981,2.839475012619889
64488,9 Clues: The Secret of Serpent Creek,1375,85.43,Casual,341,4.032258064516129
37769,World of DASM: DASM Spell Quest,12,76.9,Casual,416,0.028846153846153848
51545,Okami HD,7380,89.96,Adventure,2136,3.455056179775281
61716,SOMA,35135,94.0,Adventure,4072,8.628438113948919
29186,Total Tank Simulator,6394,76.14,Strategy,1707,3.7457527826596366
18032,SYNTHETIK 2,1270,78.18,Action,1170,1.0854700854700854
16935,Slow and Steady,595,83.22,Casual,121,4.917355371900826
67143,King Arthur - The Role-playing Wargame,549,66.96,RPG,3042,0.1804733727810651
53886,Rock God Tycoon,291,68.71,Simulation,212,1.3726415094339623
58884,Grand Pigeon's Duty,583,73.04,Indie,2292,0.2543630017452007
11387,Find your way,323,63.66,Adventure,370,0.8729729729729729
8683,Handyman Corporation: Prologue,154,70.28,Simulation,574,0.2682926829268293
27301,VenusBlood FRONTIER International,752,87.91,Strategy,757,0.9933949801849405
51875,Cold Waters,3868,83.78,Simulation,865,4.471676300578035
28159,Dark Fracture: Prologue,1143,80.99,Indie,149,7.671140939597316
13917,Minion Raid Epic Monsters,106,53.56,Casual,233,0.45493562231759654
64902,Heroes Rise: The Hero Project,167,73.77,Indie,111,1.5045045045045045
66588,Dungeon Siege,3324,77.88,RPG,391,8.501278772378516
3717,Choo-Choo Charles,10851,89.29,Adventure,4058,2.673977328733366
59230,Townsmen,222,69.91,Strategy,158,1.4050632911392404
60099,Magma Tsunami,306,62.08,Indie,2628,0.11643835616438356
47390,Runes of Magic,1151,64.72,Free,625,1.8416
60315,Pointless,261,59.81,Indie,110,2.3727272727272726
27023,Yakuza: Like a Dragon,20459,93.46,RPG,9535,2.145673833245936
27570,ISEKAI QUEST,3214,85.27,Casual,495,6.4929292929292926
51009,Wormhole City,38,37.69,Action,382,0.09947643979057591
63059,Dead or Alive 5 Last Round,9090,66.11,Action,2827,3.2154227095861336
63008,The Spatials,323,66.98,Simulation,426,0.7582159624413145
63236,ZOMBI,2375,62.96,Action,961,2.4713839750260145
62113,Farm Frenzy: Hurricane Season,98,81.35,Casual,190,0.5157894736842106
58897,Antenna,2460,72.91,Indie,232,10.60344827586207
57686,Ghost 1.0,1960,87.25,Action,422,4.644549763033176
8592,Ready or Not,101755,90.33,Free,19621,5.186025177106162
66250,Citadels,468,20.28,Strategy,282,1.6595744680851063
60442,Wanda,180,58.35,Indie,1693,0.10632014176018902
38066,Supraball,3246,75.13,Sports,3329,0.9750675878642235
4396,GearCity,1212,83.84,Simulation,289,4.193771626297578
8035,僵尸塔防(Zombie Defence TD),1019,71.79,Indie,364,2.7994505494505493
65141,Parkan 2,317,67.54,Simulation,446,0.7107623318385651
16504,Stumble Guys,76509,86.13,Action,43705,1.7505777371010183
63804,Pure Hold'em,110,51.38,Sports,151,0.7284768211920529
44338,Nature Calls,512,82.1,Action,297,1.7239057239057238
16622,魂之归宿,502,85.23,RPG,280,1.792857142857143
62585,Submerged,4447,73.64,Adventure,521,8.535508637236084
64161,Streets of Chaos,90,38.45,Strategy,986,0.09127789046653144
56176,Dangerous Bullets,41,52.47,Action,2444,0.016775777414075287
58738,Jelly Killer,328,74.16,Indie,182,1.8021978021978022
49651,Jagged Alliance: Rage!,440,51.53,Strategy,308,1.4285714285714286
8773,Tennis Manager 2022,124,69.77,Simulation,277,0.44765342960288806
58255,Intensive Exposure,178,78.86,Indie,851,0.209165687426557
16695,Pawnbarian,625,84.72,Strategy,139,4.496402877697841
54314,When Our Journey Ends - A Visual Novel,45,65.96,Simulation,1174,0.03833049403747871
16861,6 Seasons And A Game,624,83.61,Free,128,4.875
57589,DoDonPachi Resurrection,806,89.46,Action,328,2.457317073170732
52625,Odysseus Kosmos and his Robot Quest: Adventure Game,151,76.59,Indie,320,0.471875
61082,Taxi,347,48.45,Casual,147,2.360544217687075
43818,The Bard's Tale Trilogy,1192,90.15,RPG,696,1.7126436781609196
65968,DuckTales Remastered,6353,84.74,Action,2052,3.0960038986354776
66133,Alien Rage - Unlimited,3235,66.43,Action,496,6.522177419354839
67421,DOOM II,7083,91.92,Action,149,47.53691275167785
66535,Men of War: Assault Squad,4460,85.2,Strategy,1490,2.9932885906040267
64361,Five Nights at Freddy's,36822,90.54,Indie,1316,27.980243161094226
60832,War Birds: WW2 Air strike 1942,62,53.45,Strategy,241,0.2572614107883817
66837,Dead Rising 2,6314,75.99,Action,2812,2.245376955903272
65657,Airship Dragoon,55,46.81,Strategy,159,0.34591194968553457
29175,Venture Seas,865,76.29,RPG,335,2.582089552238806
47774,Princess Maker 5,459,62.93,Simulation,184,2.494565217391304
64881,Hero Siege,35376,74.21,Indie,5015,7.054037886340977
37812,Kunoichi Botan,434,76.69,RPG,121,3.5867768595041323
65576,Steam Marines,325,50.89,Strategy,557,0.5834829443447038
65701,Space Hack,768,43.81,RPG,221,3.475113122171946
16035,Swallow the Sea,1759,92.74,Adventure,156,11.275641025641026
59778,1993 Space Machine,298,65.14,Action,337,0.884272997032641
57328,Bunker 58,137,35.05,Action,1725,0.07942028985507246
2265,Pharaoh: A New Era,2556,63.36,Simulation,6321,0.40436639772187943
36089,Filmmaker Tycoon,80,35.33,Simulation,101,0.7920792079207921
62962,The Dwarf Run,150,67.66,RPG,148,1.0135135135135136
3533,Tinykin,1137,92.98,Action,262,4.3396946564885495
36656,Killer Queen Black,535,85.79,Strategy,258,2.0736434108527133
38495,Farmer's Dynasty,3379,73.18,Simulation,1044,3.2365900383141764
54919,Sleeping Dawn,72,62.09,Indie,110,0.6545454545454545
42300,Outpost Zero,810,50.54,Indie,380,2.1315789473684212
60504,Darkness Ahead,61,57.58,Adventure,2814,0.0216773276474769
26945,Bikini Island Challenge,72,26.84,RPG,191,0.3769633507853403
66092,FORCED,2718,71.7,Action,1577,1.7235256816740647
65989,Desperados - Wanted Dead or Alive,1893,83.14,Action,283,6.689045936395759
7,Papa's Freezeria Deluxe,1852,93.84,Strategy,1227,1.5093724531377344
53844,The Barbarian and the Subterranean Caves,60,68.93,Adventure,1417,0.04234297812279464
18303,Rogue Heroes: Ruins of Tasos,2222,77.15,Action,1649,1.3474833232261978
66022,Another World,1761,79.24,Adventure,226,7.792035398230088
58090,Clean'Em Up,60,80.76,Indie,111,0.5405405405405406
57632,Quern - Undying Thoughts,3039,88.19,Adventure,437,6.954233409610984
65750,Real Horror Stories Ultimate Edition,1281,39.89,Indie,194,6.603092783505154
16256,Martial Law,2853,88.66,Early,119,23.974789915966387
27387,Fight Crab,798,87.02,Action,263,3.0342205323193916
32573,Space Travel Idle,481,63.78,Adventure,669,0.71898355754858
36729,War Selection,17167,84.85,Strategy,2026,8.473346495557749
63137,Weather Lord: The Successor's Path,33,64.87,Casual,438,0.07534246575342465
41440,EARTH DEFENSE FORCE: IRON RAIN,1136,58.75,Action,559,2.032200357781753
45273,Vampyr,18497,75.37,RPG,16120,1.1474565756823822
65417,Star Nomad,45,58.36,Indie,521,0.08637236084452975
37448,Rise of Legions,1636,79.01,Free,497,3.2917505030181085
27056,Some Some Convenience Store,2917,92.07,Indie,783,3.7254150702426565
15978,Webbed,9789,94.81,Indie,1151,8.504778453518679
27030,Sakuya Izayoi Gives You Advice And Dabs,1874,93.11,Casual,293,6.395904436860068
17698,Pixel Art Coloring Book,636,79.37,Casual,195,3.2615384615384615
3172,Warhammer Age of Sigmar: Soul Arena,203,49.02,Free,227,0.8942731277533039
54825,Angel Flare,5,62.51,Action,115,0.043478260869565216
11682,Assassin's Creed Valhalla,8351,62.43,Action,15679,0.5326232540340583
63527,Grass Simulator,987,57.58,Simulation,572,1.7255244755244756
53572,Idle Evolution,179,70.54,Strategy,206,0.8689320388349514
25767,Zombie Gunship Survival,885,46.8,Action,147,6.020408163265306
3774,The Excavation of Hob's Barrow,1026,88.42,Adventure,233,4.4034334763948495
61491,Cranium Conundrum,67,39.8,Early,3002,0.022318454363757494
58201,GoNNER,1257,79.41,Indie,267,4.707865168539326
27277,The Escaper,661,88.12,Adventure,186,3.553763440860215
58499,Artificial Defense,206,76.38,Strategy,212,0.9716981132075472
64739,Munin,862,78.14,Indie,692,1.245664739884393
57477,Don't Starve Together,384474,95.08,Adventure,68418,5.619486100149084
20381,Idle Monster TD,711,70.42,Free,1090,0.6522935779816513
62270,Burnstar,47,78.55,Strategy,142,0.33098591549295775
66505,PAYDAY: The Heist,38887,91.52,Action,50316,0.7728555529056363
51477,Raging Loop,3813,92.87,Adventure,446,8.54932735426009
20298,Star Dynasties,381,70.66,Strategy,292,1.3047945205479452
44890,Red Faction Guerrilla Re-Mars-tered,3375,77.72,Unknown,1509,2.2365805168986084
36324,Cat Quest II,3898,92.44,Adventure,610,6.390163934426229
58615,Super Jagua,94,75.4,Adventure,203,0.4630541871921182
4762,猎魔战纪,160,81.83,Adventure,116,1.3793103448275863
57614,Five Nights at Freddy's: Sister Location,9722,88.59,Indie,3549,2.7393632009016624
62722,Dwarven Brawl Bros,35,71.69,Indie,112,0.3125
27835,Red Dead Online,53922,83.11,Adventure,19921,2.706791827719492
62587,Overture,1230,73.61,Action,1546,0.795601552393273
38060,Overdungeon,2832,75.19,Strategy,2205,1.2843537414965986
16043,Wildermyth,14738,92.5,RPG,8106,1.8181593881075746
27193,Sakuna: Of Rice and Ruin,4313,89.49,Action,7043,0.6123810876047139
3753,We Were Here Forever,9144,88.72,Adventure,8390,1.0898688915375447
32,Bing in Wonderland,1232,90.69,Action,977,1.2610030706243602
13071,Police Shootout,244,58.95,Action,201,1.2139303482587065
65,SpongeBob SquarePants: The Cosmic Shake,1291,88.19,Action,1949,0.6623909697280657
4124,Warlord: Britannia,1095,85.5,Action,379,2.8891820580474934
483,Chef Life: A Restaurant Simulator,563,79.42,Simulation,840,0.6702380952380952
64206,Apollo4x,51,35.68,Indie,275,0.18545454545454546
27904,Slapshot: Rebound,6749,82.68,Sports,1544,4.371113989637306
18126,Synthwave Burnout,142,77.85,Early,200,0.71
27581,メモリーズオフ-Innocent Fille-,930,85.17,Adventure,276,3.369565217391304
48171,Car Demolition Clicker,147,60.32,Indie,282,0.5212765957446809
65227,Windforge,593,64.76,Action,212,2.797169811320755
58391,Skyhook,132,77.44,Indie,465,0.2838709677419355
51931,Serial Cleaner,2881,83.02,Indie,13958,0.2064049290729331
62384,Gunjitsu,858,76.64,Action,155,5.535483870967742
6491,ACTION SANDBOX,737,75.82,Simulation,203,3.6305418719211824
43712,Zup! S,11797,94.68,Indie,722,16.3393351800554
16281,Cloud Climber,3773,88.45,Indie,546,6.910256410256411
21930,To The Rescue!,1514,65.28,Simulation,575,2.6330434782608694
38569,Lovecraft's Untold Stories,802,72.58,Indie,123,6.520325203252033
39773,符文女孩/Rune Girl,1564,66.69,Casual,197,7.939086294416244
56307,The Butterfly Sign: Human Error,77,50.47,Indie,1634,0.047123623011015914
48607,Champions of Titan,136,59.09,Free,158,0.8607594936708861
26204,Base One,423,41.78,Simulation,464,0.9116379310344828
55953,Roomscale Coaster,21,54.33,Action,633,0.03317535545023697
38170,Little Square Things,59,74.62,Strategy,665,0.0887218045112782
17369,Ascension,1317,83.9,RPG,197,6.685279187817259
55542,Jade's Journey 2,34,57.73,RPG,1243,0.027353177795655673
3713,Robin Morningwood Adventure,423,89.33,RPG,140,3.0214285714285714
61928,Transformice,24142,85.58,Free,5636,4.2835344215755855
27477,Meteorfall: Krumit's Tale,745,86.1,Indie,174,4.281609195402299
16338,Going Medieval,14158,87.75,Simulation,14676,0.9647042790951212
59261,Super Mustache,620,69.6,Indie,11227,0.05522401353879042
36980,Idle Wizard,1172,82.39,Free,1544,0.7590673575129534
58124,Blitz Breaker,132,80.36,Indie,505,0.2613861386138614
7991,九州战歌,554,72.11,Action,597,0.9279731993299832
133,Crafty Survivors,210,85.44,Action,374,0.5614973262032086
16738,恐惧之间 Fear surrounds,10050,84.45,Casual,7373,1.3630815136308152
283,Mage Kanade's Futanari Dungeon Quest,153,82.39,RPG,152,1.006578947368421
59560,Allods Online,656,67.14,Massively,370,1.772972972972973
15875,Ariel’s Daily Grind,48,32.75,Indie,151,0.31788079470198677
51571,Forts,14966,89.35,Strategy,7280,2.0557692307692306
62294,Ancient Planet,946,78.14,Strategy,158,5.987341772151899
10369,Deadwater Saloon,180,66.26,Simulation,405,0.4444444444444444
62549,Adventure in the Tower of Flight,91,74.11,Adventure,142,0.6408450704225352
38090,Hurtworld,31070,75.06,Action,13333,2.3303082577064425
63305,Void & Meddler,278,61.75,Adventure,132,2.106060606060606
67126,Grand Ages: Rome,693,70.18,Strategy,308,2.25
27024,The Room VR: A Dark Matter,3074,93.35,Adventure,139,22.115107913669064
60621,Savage Resurrection,1437,56.09,Action,1944,0.7391975308641975
62073,BLACKHOLE,1000,82.11,Indie,248,4.032258064516129
61564,CATS!,92,36.24,Casual,142,0.647887323943662
16192,PICO PARK,19027,89.4,Casual,16802,1.1324247113438877
50930,Heavy Dreams,177,39.07,Adventure,251,0.7051792828685259
58395,Maize,1899,77.42,Indie,266,7.139097744360902
14167,塔塔帝国,58,50.0,Casual,122,0.47540983606557374
7593,Smart Factory Tycoon: Beginnings,462,72.97,Strategy,417,1.1079136690647482
59547,BioShock 2 Remastered,20915,67.23,Action,1315,15.904942965779467
66201,Darkfall Unholy Wars,642,52.54,Massively,837,0.7670250896057348
36441,Coloring Game,3647,89.14,Casual,593,6.15008431703204
46625,Riddles of the Owls Kingdom,140,68.26,Casual,129,1.0852713178294573
62036,12 Labours of Hercules IV: Mother Nature,508,83.01,Strategy,166,3.0602409638554215
16561,Dwerve: Prologue,607,85.7,Indie,165,3.6787878787878787
27158,Freedom Fighters,1249,90.06,Action,157,7.955414012738854
61685,The Youthdrainers,50,27.8,Indie,251,0.199203187250996
36810,Wet Girl,5402,84.02,Casual,644,8.388198757763975
65168,Girls Like Robots,260,66.57,Indie,203,1.2807881773399015
63706,Al Emmo's Postcards from Anozira,36,53.68,Casual,763,0.047182175622542594
59517,Broken Dreams,467,67.42,Casual,10797,0.043252755395017134
63066,Olympia Rising,101,66.0,Action,165,0.6121212121212121
16736,MELTY BLOOD: TYPE LUMINA,7048,84.46,Action,13182,0.5346684873312092
13371,DRAGON BALL: THE BREAKERS,3742,56.66,Action,4057,0.9223564210007394
60426,Milford Heaven - Luken's Chronicles,53,58.57,Indie,1176,0.045068027210884355
33006,3on3 FreeStyle: Rebound,2219,61.36,Sports,657,3.3774733637747336
43798,KovaaK's,27922,90.62,Action,2846,9.8109627547435
64667,Strider,3483,80.01,Action,839,4.151370679380214
58613,BalanCity,767,75.42,Indie,289,2.6539792387543253
47627,War Machines,223,63.88,Action,129,1.7286821705426356
32682,Atlantica Global,813,62.96,Strategy,1761,0.4616695059625213
66336,FLY'N,483,80.68,Indie,107,4.514018691588785
52454,古剑奇谭(GuJian),4659,77.93,RPG,1782,2.6144781144781146
44700,Potion Explosion,206,79.1,Casual,217,0.9493087557603687
65683,Ancient Space,344,45.19,Strategy,283,1.215547703180212
66848,Oddworld: Munch's Oddysee,892,73.33,Adventure,122,7.311475409836065
61813,Hyperdimension Neptunia Re;Birth2 Sisters Generation,3126,88.51,RPG,1285,2.4326848249027235
3871,山：临界幸存者,374,87.38,Adventure,138,2.710144927536232
16031,Everhood,10087,92.77,Action,819,12.316239316239317
58931,Spin Rush,515,72.63,Action,1658,0.3106151990349819
3011,Curse of the Sea Rats,79,50.46,Action,118,0.6694915254237288
58319,Age of Conquest IV,2481,78.14,Strategy,1023,2.4252199413489737
4559,Crash Bandicoot™ 4: It’s About Time,1160,82.87,Action,454,2.555066079295154
63060,Soccer Manager 2015,510,66.11,Sports,715,0.7132867132867133
3783,奇迹一刻 Surmount,1340,88.33,Adventure,557,2.405745062836625
60009,Assassin’s Creed® Chronicles: India,817,62.9,Action,140,5.835714285714285
10836,开局一把剑,35,64.14,Strategy,132,0.26515151515151514
19590,Disciples: Liberation,2896,72.57,Strategy,2568,1.1277258566978192
62433,Home Design 3D,2163,75.93,Simulation,240,9.0125
59564,Farnham Fables,370,67.08,Adventure,1202,0.30782029950083195
64589,Sneaky Sneaky,279,82.34,Strategy,121,2.3057851239669422
64328,Creeper World 3: Arc Eternal,4266,92.75,Strategy,3303,1.2915531335149864
38291,Project Zero Deaths,537,74.12,Action,154,3.487012987012987
28989,Observation,3943,76.95,Indie,1034,3.8133462282398454
60753,Trackday Manager,331,54.37,Racing,168,1.9702380952380953
59191,Neon Warp,81,70.41,Indie,778,0.10411311053984576
35158,Love Puzzle,279,49.27,Indie,1980,0.1409090909090909
36585,Starcom: Nexus,1651,86.84,RPG,554,2.98014440433213
16138,Unpacking,19481,90.22,Indie,2512,7.755175159235669
62751,The Living Dungeon,56,71.37,Strategy,201,0.27860696517412936
44851,Call to Arms,19821,77.95,Strategy,2882,6.877515614156835
9743,OnlyFap Simulator 3 💦,187,67.18,Simulation,968,0.19318181818181818
43851,Attack on Titan 2 - A.O.T.2,5492,89.37,Action,1385,3.9653429602888086
14846,The Anacrusis,1481,46.01,Action,1478,1.0020297699594045
3986,Lust Theory,3131,86.46,Adventure,1417,2.2095977417078334
760,The Karaoke | ヒトカラ,360,76.75,Adventure,446,0.8071748878923767
67492,Kane & Lynch: Dead Men,3151,62.51,Action,142,22.190140845070424
57196,Polterheist,238,38.12,Indie,7985,0.029805886036318098
42264,Second Galaxy,1112,51.58,Massively,765,1.45359477124183
17920,Yakuza 3 Remastered,5420,78.6,Action,2740,1.9781021897810218
56100,Kingdom of Loot,368,53.16,Massively,245,1.5020408163265306
59590,Zenith,575,66.97,RPG,113,5.088495575221239
66017,Final Exam,1117,79.79,Action,315,3.546031746031746
32981,Deskmate Girl,225,61.62,Simulation,169,1.331360946745562
62464,8-Bit Adventures 1: The Forgotten Journey Remastered Edition,135,75.45,RPG,138,0.9782608695652174
27897,Delores: A Thimbleweed Park Mini-Adventure,547,82.72,Adventure,931,0.5875402792696026
16463,Kraken Academy!!,506,86.48,Adventure,106,4.773584905660377
43379,Ashes of Creation Apocalypse,820,38.47,Massively,832,0.9855769230769231
36673,Hello Neighbor Pre-Alpha,1087,85.59,Adventure,145,7.496551724137931
51592,20XX,4097,88.74,Action,712,5.754213483146067
24165,NBA 2K22,37794,57.8,Sports,46661,0.8099697820449626
59559,Neon Space 2,384,67.15,Action,1798,0.2135706340378198
65388,Villagers and Heroes,3234,59.31,Massively,2964,1.091093117408907
16401,Vampire: The Masquerade — Parliament of Knives,215,87.1,Indie,215,1.0
66660,From Dust,2638,65.02,Adventure,9759,0.2703145814120299
37472,DORAEMON STORY OF SEASONS,1995,78.76,Simulation,1478,1.3497970230040595
52783,Dimension Drive,84,75.46,Indie,134,0.6268656716417911
66315,Intrusion 2,1667,83.61,Indie,317,5.2586750788643535
64232,Red Bit Ninja,29,33.43,Action,118,0.2457627118644068
1124,Power of Ten,144,73.19,Action,101,1.4257425742574257
61016,Close Order,68,50.0,Action,349,0.19484240687679083
17834,Wizardry: The Five Ordeals,328,78.94,RPG,929,0.35306781485468247
3897,Urbek City Builder,960,87.21,Simulation,665,1.443609022556391
36333,Later Alligator,1920,92.15,Indie,255,7.529411764705882
40129,Super Friends Party,398,64.69,Free,162,2.45679012345679
64860,iO,212,74.93,Action,862,0.2459396751740139
14005,Road Maintenance Simulator,123,52.8,Simulation,118,1.0423728813559323
62503,Lux Delux,339,74.76,Strategy,259,1.308880308880309
31426,Ether Loop,311,67.32,Indie,168,1.8511904761904763
52023,Tokyo Xanadu eX+,1463,82.1,RPG,302,4.844370860927152
54664,Modern Combat Versus,6838,64.05,Action,1123,6.089047195013357
30949,OneShot,34853,96.15,Action,824,42.297330097087375
6057,Fabular: Once upon a Spacetime,120,77.37,Indie,106,1.1320754716981132
21844,Hired Ops,13401,65.55,Free,1835,7.302997275204359
58282,OZMAFIA!!,602,78.53,Adventure,246,2.4471544715447155
44275,Underhero,1013,82.8,RPG,114,8.885964912280702
65039,Moebius: Empire Rising,310,70.69,Adventure,196,1.5816326530612246
29602,Apex Aim Trainer,656,74.33,Action,287,2.2857142857142856
57873,MegaTagmension Blanc + Neptune VS Zombies,1361,83.56,Action,466,2.9206008583690988
3724,Depersonalization,2834,89.18,Indie,3044,0.931011826544021
51542,Coming Out on Top,1294,90.05,Simulation,394,3.284263959390863
4599,Pool Slide Story,114,82.68,Simulation,104,1.0961538461538463
66263,Orcs Must Die! 2,18314,91.44,Action,16119,1.136174700663813
16119,秘密舞会,538,90.58,Casual,115,4.678260869565217
4202,Gilded Shadows,118,84.91,Indie,138,0.855072463768116
66018,Knytt Underground,420,79.72,Adventure,701,0.5991440798858774
24472,Horror Squad,581,55.95,Indie,128,4.5390625
62387,Monstro: Battle Tactics,26,76.62,Indie,1006,0.02584493041749503
14104,三国群英传,1046,87.47,Action,1582,0.661188369152971
62876,Evolve Stage 2,48473,68.99,Free,51127,0.9480900502669822
16044,Mitoza,2566,92.47,Adventure,126,20.365079365079364
4176,LEGO® Bricktales,527,85.02,Simulation,739,0.713125845737483
44677,Love Letter,448,79.28,Strategy,193,2.321243523316062
49282,Midair,843,54.48,Action,766,1.1005221932114881
16243,HuniePop 2: Double Date,8677,88.86,Simulation,15388,0.5638809461918378
60563,Calcu-Late,344,56.98,Indie,4024,0.08548707753479125
52865,Regalia: Of Men and Monarchs,515,74.93,RPG,294,1.751700680272109
